41,M Accessories XXS - XXXL,XXS,XXS
41,M Accessories XXS - XXXL,XS,XS
41,M Accessories XXS - XXXL,S,S
41,M Accessories XXS - XXXL,M,M
41,M Accessories XXS - XXXL,L,L
41,M Accessories XXS - XXXL,XL,XL
41,M Accessories XXS - XXXL,XXL,XXL
41,M Accessories XXS - XXXL,XXXL,XXXL
42,M Acc Order S/M/L,S/M,S
42,M Acc Order S/M/L,M/L,M
42,M Acc Order S/M/L,L/XL,L
43,M Belts,65,XXS
43,M Belts,70,XXS
43,M Belts,75,XXS
43,M Belts,80,XS
43,M Belts,85,S
43,M Belts,90,M
43,M Belts,95,L
43,M Belts,100,XL
43,M Belts,105,XXL
43,M Belts,110,XXL
43,M Belts,115,XXXL
43,M Belts,120,XXXL
43,M Belts,125,XXXL
43,M Belts,130,XXXL
43,M Belts,135,XXXL
43,M Belts,140,XXXL
43,M Belts,145,XXXL
43,M Belts,150,XXXL
44,M Gloves,7,XS
44,M Gloves,7.5,S
44,M Gloves,8,S
44,M Gloves,8.5,M
44,M Gloves,9,M
44,M Gloves,9.5,L
44,M Gloves,10,L
44,M Gloves,10.5,XL
44,M Gloves,11,XL
44,M Gloves,11.5,XXL
44,M Gloves,12,XXL
45,M Hats,S,S
45,M Hats,M,M
45,M Hats,L,L
45,M Hats,XL,XL
45,M Hats,XXL,XXL
46,M Hats (cm),54,XS
46,M Hats (cm),55,S
46,M Hats (cm),56,S
46,M Hats (cm),57,M
46,M Hats (cm),58,M
46,M Hats (cm),59,L
46,M Hats (cm),60,L
46,M Hats (cm),61,XL
46,M Hats (cm),62,XL
46,M Hats (cm),63,XXL
46,M Hats (cm),64,XXL
78,M Jeans w/length,27W 32L,XS
78,M Jeans w/length,28W 32L,XS
78,M Jeans w/length,29W 32L,XS
78,M Jeans w/length,30W 32L,S
78,M Jeans w/length,31W 32L,S
78,M Jeans w/length,32W 32L,M
78,M Jeans w/length,33W 32L,M
78,M Jeans w/length,34W 32L,L
78,M Jeans w/length,35W 32L,L
78,M Jeans w/length,36W 32L,XL
78,M Jeans w/length,37W 32L,XL
78,M Jeans w/length,38W 32L,XXL
78,M Jeans w/length,39W 32L,XXL
78,M Jeans w/length,40W 32L,XXL
78,M Jeans w/length,41W 32L,XXL
78,M Jeans w/length,42W 32L,XXL
78,M Jeans w/length,27W 34L,XS
78,M Jeans w/length,28W 34L,XS
78,M Jeans w/length,29W 34L,XS
78,M Jeans w/length,30W 34L,S
78,M Jeans w/length,31W 34L,S
78,M Jeans w/length,32W 34L,M
78,M Jeans w/length,33W 34L,M
78,M Jeans w/length,34W 34L,L
78,M Jeans w/length,35W 34L,L
78,M Jeans w/length,36W 34L,XL
78,M Jeans w/length,37W 34L,XL
78,M Jeans w/length,38W 34L,XXL
78,M Jeans w/length,39W 34L,XXL
78,M Jeans w/length,40W 34L,XXL
78,M Jeans w/length,41W 34L,XXL
78,M Jeans w/length,42W 34L,XXL
78,M Jeans w/length,27W 36L,XS
78,M Jeans w/length,28W 36L,XS
78,M Jeans w/length,29W 36L,XS
78,M Jeans w/length,30W 36L,S
78,M Jeans w/length,31W 36L,S
78,M Jeans w/length,32W 36L,M
78,M Jeans w/length,33W 36L,M
78,M Jeans w/length,34W 36L,L
78,M Jeans w/length,35W 36L,L
78,M Jeans w/length,36W 36L,XL
78,M Jeans w/length,37W 36L,XL
78,M Jeans w/length,38W 36L,XXL
78,M Jeans w/length,39W 36L,XXL
78,M Jeans w/length,40W 36L,XXL
78,M Jeans w/length,41W 36L,XXL
78,M Jeans w/length,42W 36L,XXL
50,M Jeans RL (inches),27R,XS
50,M Jeans RL (inches),27L,XS
50,M Jeans RL (inches),28R,XS
50,M Jeans RL (inches),28L,XS
50,M Jeans RL (inches),29R,XS
50,M Jeans RL (inches),29L,XS
50,M Jeans RL (inches),30R,S
50,M Jeans RL (inches),30L,S
50,M Jeans RL (inches),31R,S
50,M Jeans RL (inches),31L,S
50,M Jeans RL (inches),32R,M
50,M Jeans RL (inches),32L,M
50,M Jeans RL (inches),33R,M
50,M Jeans RL (inches),33L,M
50,M Jeans RL (inches),34R,L
50,M Jeans RL (inches),34L,L
50,M Jeans RL (inches),35R,L
50,M Jeans RL (inches),35L,L
50,M Jeans RL (inches),36R,XL
50,M Jeans RL (inches),36L,XL
50,M Jeans RL (inches),37R,XL
50,M Jeans RL (inches),37L,XL
50,M Jeans RL (inches),38R,XXL
50,M Jeans RL (inches),38L,XXL
51,M Pants,28,XS
51,M Pants,29,XS
51,M Pants,30,S
51,M Pants,31,S
51,M Pants,32,M
51,M Pants,33,M
51,M Pants,34,L
51,M Pants,35,L
51,M Pants,36,XL
51,M Pants,37,XL
51,M Pants,38,XXL
51,M Pants,39,XXL
51,M Pants,40,XXXL
52,M RTW - FRANCE,40,XS
52,M RTW - FRANCE,42,XS
52,M RTW - FRANCE,44,XS
52,M RTW - FRANCE,46,S
52,M RTW - FRANCE,48,M
52,M RTW - FRANCE,50,L
52,M RTW - FRANCE,52,XL
52,M RTW - FRANCE,54,XXL
52,M RTW - FRANCE,56,XXL
52,M RTW - FRANCE,58,XXXL
52,M RTW - FRANCE,60,XXXL
52,M RTW - FRANCE,62,XXXL
52,M RTW - FRANCE,64,XXXL
53,M RTW - ITALY,42,XS
53,M RTW - ITALY,44,XS
53,M RTW - ITALY,46,S
53,M RTW - ITALY,48,M
53,M RTW - ITALY,50,L
53,M RTW - ITALY,52,XL
53,M RTW - ITALY,54,XXL
53,M RTW - ITALY,56,XXL
53,M RTW - ITALY,58,XXXL
53,M RTW - ITALY,60,XXXL
53,M RTW - ITALY,62,XXXL
53,M RTW - ITALY,64,XXXL
53,M RTW - ITALY,66,XXXL
54,M RTW - UK,34,XS
54,M RTW - UK,36,S
54,M RTW - UK,38,M
54,M RTW - UK,40,L
54,M RTW - UK,42,XL
54,M RTW - UK,44,XXL
54,M RTW - UK,46,XXL
54,M RTW - UK,48,XXXL
54,M RTW - UK,50,XXXL
55,M RTW US SRL,36S,S
55,M RTW US SRL,36R,S
55,M RTW US SRL,36L,S
55,M RTW US SRL,38S,M
55,M RTW US SRL,38R,M
55,M RTW US SRL,38L,M
55,M RTW US SRL,40S,L
55,M RTW US SRL,40R,L
55,M RTW US SRL,40L,L
55,M RTW US SRL,42S,XL
55,M RTW US SRL,42R,XL
55,M RTW US SRL,42L,XL
55,M RTW US SRL,44S,XXL
55,M RTW US SRL,44R,XXL
55,M RTW US SRL,44L,XXL
55,M RTW US SRL,46S,XXL
55,M RTW US SRL,46R,XXL
55,M RTW US SRL,46L,XXL
55,M RTW US SRL,48S,XXXL
55,M RTW US SRL,48R,XXXL
55,M RTW US SRL,48L,XXXL
56,M RTW US,36,S
56,M RTW US,38,M
56,M RTW US,40,L
56,M RTW US,42,XL
56,M RTW US,44,XXL
56,M RTW US,46,XXL
56,M RTW US,48,XXXL
56,M RTW US,50,XXXL
56,M RTW US,52,XXXL
57,M RTW XS - XL,P,XS
57,M RTW XS - XL,S,S
57,M RTW XS - XL,M,M
57,M RTW XS - XL,L,L
57,M RTW XS - XL,XL,XL
57,M RTW XS - XL,XXL,XXL
58,M RTW XXS - XXXL,XXS,XXS
58,M RTW XXS - XXXL,XS,XS
58,M RTW XXS - XXXL,S,S
58,M RTW XXS - XXXL,M,M
58,M RTW XXS - XXXL,L,L
58,M RTW XXS - XXXL,XL,XL
58,M RTW XXS - XXXL,XXL,XXL
58,M RTW XXS - XXXL,XXXL,XXXL
60,M Shirts UK,14,S
60,M Shirts UK,14.5,S
60,M Shirts UK,15,M
60,M Shirts UK,15.5,M
60,M Shirts UK,16,L
60,M Shirts UK,16.5,L
60,M Shirts UK,17,XL
60,M Shirts UK,17.5,XL
60,M Shirts UK,18,XXL
60,M Shirts UK,18.5,XXL
60,M Shirts UK,19,XXL
61,M Shirts 38R-44L,38R,S
61,M Shirts 38R-44L,38L,S
61,M Shirts 38R-44L,39R,M
61,M Shirts 38R-44L,39L,M
61,M Shirts 38R-44L,40R,M
61,M Shirts 38R-44L,40L,M
61,M Shirts 38R-44L,41R,L
61,M Shirts 38R-44L,41L,L
61,M Shirts 38R-44L,42R,L
61,M Shirts 38R-44L,42L,L
61,M Shirts 38R-44L,43R,XL
61,M Shirts 38R-44L,43L,XL
61,M Shirts 38R-44L,44R,XL
61,M Shirts 38R-44L,44L,XL
61,M Shirts 38R-44L,45R,XXL
61,M Shirts 38R-44L,45L,XXL
69,M Shorts,27,XS
69,M Shorts,28,XS
69,M Shorts,29,XS
69,M Shorts,30,S
69,M Shorts,31,S
69,M Shorts,32,M
69,M Shorts,33,M
69,M Shorts,34,L
69,M Shorts,35,L
69,M Shorts,36,XL
69,M Shorts,37,XL
69,M Shorts,38,XXL
69,M Shorts,39,XXL
69,M Shorts,40,XXL
69,M Shorts,41,XXL
69,M Shorts,42,XXL
70,M Socks,S,S
70,M Socks,M,M
70,M Socks,L,L
70,M Socks,XL,XL
71,M Swimwear,30,XXS
71,M Swimwear,32,XS
71,M Swimwear,34,S
71,M Swimwear,36,M
71,M Swimwear,38,L
71,M Swimwear,40,XL
71,M Swimwear,42,XXL
71,M Swimwear,44,XXXL
72,M Underwear,30,XXS
72,M Underwear,32,XS
72,M Underwear,34,S
72,M Underwear,36,M
72,M Underwear,38,L
72,M Underwear,40,XL
72,M Underwear,42,XXL
72,M Underwear,44,XXXL
73,M Underwear XS - XL,XS/S,XS
73,M Underwear XS - XL,S/M,S
73,M Underwear XS - XL,M/L,M
73,M Underwear XS - XL,L/XL,L
73,M Underwear XS - XL,XL/XXL,XL
74,M Underwear XS-XXL,XS,XS
74,M Underwear XS-XXL,S,S
74,M Underwear XS-XXL,M,M
74,M Underwear XS-XXL,L,L
74,M Underwear XS-XXL,XL,XL
74,M Underwear XS-XXL,XXL,XXL
59,M Shirts EU,38,S
59,M Shirts EU,39,S
59,M Shirts EU,40,M
59,M Shirts EU,41,M
59,M Shirts EU,42,L
59,M Shirts EU,43,L
59,M Shirts EU,44,XL
59,M Shirts EU,45,XL
59,M Shirts EU,46,XXL
59,M Shirts EU,37,XXL
