62, M Shoes - FR full size   ,40,40
62, M Shoes - FR full size   ,41,41
62, M Shoes - FR full size   ,42,42
62, M Shoes - FR full size   ,43,43
62, M Shoes - FR full size   ,44,44
62, M Shoes - FR full size   ,45,45
62, M Shoes - FR full size   ,46,46
62, M Shoes - FR full size   ,47,47
63, M Shoes - EU full size   ,39,39
63, M Shoes - EU full size   ,40,40
63, M Shoes - EU full size   ,41,41
63, M Shoes - EU full size   ,42,42
63, M Shoes - EU full size   ,43,43
63, M Shoes - EU full size   ,44,44
63, M Shoes - EU full size   ,45,45
63, M Shoes - EU full size   ,46,46
63, M Shoes - EU full size   ,47,47
63, M Shoes - EU full size   ,48,48
63, M Shoes - EU full size   ,49,49
63, M Shoes - EU full size   ,50,50
64, M Shoes - EU half size   ,39,39
64, M Shoes - EU half size   ,39.5,39.5
64, M Shoes - EU half size   ,40,40
64, M Shoes - EU half size   ,40.5,40.5
64, M Shoes - EU half size   ,41,41
64, M Shoes - EU half size   ,41.5,41.5
64, M Shoes - EU half size   ,42,42
64, M Shoes - EU half size   ,42.5,42.5
64, M Shoes - EU half size   ,43,43
64, M Shoes - EU half size   ,43.5,43.5
64, M Shoes - EU half size   ,44,44
64, M Shoes - EU half size   ,44.5,44.5
64, M Shoes - EU half size   ,45,45
64, M Shoes - EU half size   ,45.5,45.5
64, M Shoes - EU half size   ,46,46
64, M Shoes - EU half size   ,46.5,46.5
64, M Shoes - EU half size   ,47,47
64, M Shoes - EU half size   ,47.5,47.5
64, M Shoes - EU half size   ,48,48
64, M Shoes - EU half size   ,48.5,48.5
64, M Shoes - EU half size   ,49,49
64, M Shoes - EU half size   ,49.5,49.5
64, M Shoes - EU half size   ,50,50
65, M Shoes - US full size   ,5,38
65, M Shoes - US full size   ,6,39
65, M Shoes - US full size   ,7,40
65, M Shoes - US full size   ,8,41
65, M Shoes - US full size   ,9,42
65, M Shoes - US full size   ,10,43
65, M Shoes - US full size   ,11,44
65, M Shoes - US full size   ,12,45
65, M Shoes - US full size   ,13,46
66, M Shoes - US half size   ,5,38
66, M Shoes - US half size   ,5.5,38.5
66, M Shoes - US half size   ,6,39
66, M Shoes - US half size   ,6.5,39.5
66, M Shoes - US half size   ,7,40
66, M Shoes - US half size   ,7.5,40.5
66, M Shoes - US half size   ,8,41
66, M Shoes - US half size   ,8.5,41.5
66, M Shoes - US half size   ,9,42
66, M Shoes - US half size   ,9.5,42.5
66, M Shoes - US half size   ,10,43
66, M Shoes - US half size   ,10.5,43.5
66, M Shoes - US half size   ,11,44
66, M Shoes - US half size   ,11.5,44.5
66, M Shoes - US half size   ,12,45
66, M Shoes - US half size   ,12.5,45.5
66, M Shoes - US half size   ,13,46
66, M Shoes - US half size   ,13.5,46.5
67, M Shoes - UK full size   ,5,38.5
67, M Shoes - UK full size   ,6,39.5
67, M Shoes - UK full size   ,7,40.5
67, M Shoes - UK full size   ,8,41.5
67, M Shoes - UK full size   ,9,42.5
67, M Shoes - UK full size   ,10,43.5
67, M Shoes - UK full size   ,11,44.5
67, M Shoes - UK full size   ,12,45.5
67, M Shoes - UK full size   ,13,46.5
68, M Shoes - UK half size   ,5,38.5
68, M Shoes - UK half size   ,5.5,39
68, M Shoes - UK half size   ,6,39.5
68, M Shoes - UK half size   ,6.5,40
68, M Shoes - UK half size   ,7,40.5
68, M Shoes - UK half size   ,7.5,41
68, M Shoes - UK half size   ,8,41.5
68, M Shoes - UK half size   ,8.5,42
68, M Shoes - UK half size   ,9,42.5
68, M Shoes - UK half size   ,9.5,43
68, M Shoes - UK half size   ,10,43.5
68, M Shoes - UK half size   ,10.5,44
68, M Shoes - UK half size   ,11,44.5
68, M Shoes - UK half size   ,11.5,45
68, M Shoes - UK half size   ,12,45.5
68, M Shoes - UK half size   ,12.5,46
68, M Shoes - UK half size   ,13,46.5
