iso,country,for,to,in
AD,Andorra,für,nach,in
AE,Vereinten Arabischen Emirate,für die,in die,in den
AG,Antigua und Barbuda,für,nach,in
AI,Anguilla,für,nach,in
AL,Albanien,für,nach,in
AM,Armenien,für,nach,in
AN,Niederländischen Antillen,für die,auf die,auf den
AO,Angola,für,nach,in
AR,Argentinien,für,nach,in
AS,Amerikanisch-Samoa,für,nach,in
AT,Österreich,für,nach,in
AU,Australien,für,nach,in
AW,Aruba,für,nach,in
AZ,Aserbaidschan,für,nach,in
BA,Bosnien-Herzegovina,für,nach,in
BB,Barbados,für,nach,in
BD,Bangladesch,für,nach,in
BE,Belgien,für,nach,in
BG,Bulgarien,für,nach,in
BH,Bahrain,für,nach,in
BL,Saint Barthélemy,für,nach,in
BM,Bermuda,für,nach,in
BN,Brunei,für,nach,in
BO,Bolivien,für,nach,in
BR,Brasilien,für,nach,in
BS,Bahamas,für die,auf die,auf den
BT,Bhutan,für,nach,in
BW,Botswana,für,nach,in
BY,Weißrussland,für,nach,in
BZ,Belize,für,nach,in
CA,Kanada,für,nach,in
CH,Schweiz,für die,in die,in der
CK,Cook Inseln,für die,auf die,auf den
CL,Chile,für,nach,in
CM,Kamerun,für,nach,in
CN,China,für,nach,in
CO,Kolumbien,für,nach,in
CR,Costa-Rica - San José,für,nach,in
CV,Kapverdischen Inseln,für die,auf die,auf den
CY,Zypern,für,nach,in
CZ,Tschechische Republik,für die,in die,in der
DE,Deutschland,für,nach,in
DK,Dänemark,für,nach,in
DM,Dominica,für,nach,in
DO,Dominikanische Republik,für die,in die,in der
DZ,Algerien,für,nach,in
EC,Ecuador,für,nach,in
EE,Estland,für,nach,in
EG,Ägypten,für,nach,in
ES,Spanien,für,nach,in
ET,Äthiopien,für,nach,in
FI,Finnland,für,nach,in
FJ,Fidschi,für,nach,in
FK,Falklandinseln,für die,auf die,auf den
FM,Förderierten Staaten von Mikronesien,für die,in die,in den
FO,Färöer,für,nach,in
FR,Frankreich,für,nach,in
GA,Gabun,für,nach,in
GB,Vereinigte Königreich - Guernsey,für das,in das,im
GD,Grenada,für,nach,in
GE,Georgien,für,nach,in
GF,Französich-Guayana,für,nach,in
GG,Vereinigte Königreich - Jersey,für das,in das,im
GH,Ghana,für,nach,in
GI,Gibraltar,für,nach,in
GL,Grönland,für,nach,in
GM,Gamba,für,nach,in
GP,Guadeloupe,für,nach,in
GR,Griechenland,für,nach,in
GT,Guatemala,für,nach,in
GU,Guam,für,nach,in
GY,Guyana,für,nach,in
HK,Hong Kong,für,nach,in
HN,Honduras,für,nach,in
HR,Kroatien,für,nach,in
HT,Haiti,für,nach,in
HU,Ungarn,für,nach,in
IC,Spanien - Kanaren,für,nach,in
ID,Indonesien,für,nach,in
IE,Irland,für,nach,in
IL,Israel,für,nach,in
IN,Indien,für,nach,in
IS,Island,für,nach,in
IT,Italien,für,nach,in
JE,Vereinigten Staaten,für die,in die,in den
JM,Jamaika,für,nach,in
JO,Jordanien,für,nach,in
JP,Japan,für,nach,in
KE,Kenia,für,nach,in
KH,Kambodscha,für,nach,in
KM,Komoren,für die,auf die,auf den
KN,St. Kitts and Nevis,für,nach,in
KP,Nordkorea,für,nach,in
KR,Südkorea,für,nach,in
KW,Kuwait,für,nach,in
KY,Kaimaninseln,für die,auf die,auf den
KZ,Kasachstan,für,nach,in
LA,Laos,für,nach,in
LB,Libanon,für den,in den,im
LC,St. Lucia,für,nach,in
LI,Liechtenstein,für,nach,in
LK,Sri Lanka,für,nach,in
LR,Liberia,für,nach,in
LS,Lesotho,für,nach,in
LT,Litauen,für,nach,in
LU,Luxemburg,für,nach,in
LV,Lettland,für,nach,in
MA,Marokko,für,nach,in
MC,Monaco,für,nach,in
MD,Moldawien,für,nach,in
ME,Montenegro,für,nach,in
MG,Madagaskar,für,nach,in
MH,Republik Marshallinseln,für die,in die,in der
MK,Mazedonien,für,nach,in
MN,Mongolei,für die,in die,in der
MO,Macau,für,nach,in
MP,Nördlichen Marianen,für die,in die,auf den
MQ,Martinique,für,nach,in
MS,Montserrat,für,nach,in
MT,Malta,für,nach,in
MU,Mauritius,für,nach,in
MV,Malediven,für die,auf die,auf den
MW,Malawi,für,nach,in
MX,Mexiko,für,nach,in
MY,Malaysia,für,nach,in
MZ,Mosambik,für,nach,in
NA,Namibia,für,nach,in
NC,Neukaledonien,für,nach,in
NI,Nicaragua,für,nach,in
NL,Niederlande,für die,in die,in den
NO,Norwegen,für,nach,in
NP,Nepal,für,nach,in
NZ,Neuseeland,für,nach,in
OM,Oman,für den,in den,im
PA,Panama,für,nach,in
PE,Peru,für,nach,in
PF,Französisch-Polynesien,für,nach,in
PG,Papua-Neuguinea,für,nach,in
PH,Philippinen,für die,auf die,auf den
PK,Pakistan,für,nach,in
PL,Polen,für,nach,in
PR,Puerto Rico,für,nach,in
PT,Portugal,für,nach,in
PW,Palau,für,nach,in
PY,Paraguay,für,nach,in
QA,Katar,für,nach,in
RE,Réunion,für,nach,in
RO,Rumänien,für,nach,in
RS,Serbien,für,nach,in
RU,Russland,für,nach,in
SA,Saudi Arabien,für,nach,in
SB,Salomonen,für die,auf die,auf den
SC,Seychellen,für die,auf die,auf den
SE,Schweden,für,nach,in
SG,Singapur,für,nach,in
SI,Slowenien,für,nach,in
SK,Slowakei,für die,in die,in der
SL,Sierra Leone,für,nach,in
SM,San Marino,für,nach,in
SN,Senegal,für,nach,in
SR,Suriname ,für,nach,in
ST,São Tomé und Príncipe,für,nach,in
SV,El Salvador,für,nach,in
SY,Syrien,für,nach,in
SZ,Swasiland,für,nach,in
TC,Turks- und Caicosinseln,für die,auf die,auf den
TG,Togo,für,nach,in
TH,Thailand,für,nach,in
TL,Timor Leste,für,nach,in
TN,Tunesien,für,nach,in
TO,Tonga,für,nach,in
TR,Türkei,für,in die,in der
TT,Trinidad und Tobago,für,nach,in
TV,Tuvalu,für,nach,in
TW,Taiwan,für,nach,in
TZ,Tansania,für,nach,in
UA,Ukraine,für die,in die,in der
UG,Uganda,für,nach,in
US,Vereinigte Königreich,für das,in das,im
UY,Uruguay,für,nach,in
VC,St. Vincent und die Grenadinen,für,nach,in
VE,Venezuela,für,nach,in
VG,Britischen Jungferninseln,für die,auf die,auf den
VI,Amerikanischen Jungferninseln,für die,auf die,auf den
VN,Vietnam,für,nach,in
VU,Vanuatu,für,nach,in
WS,Samoa,für,nach,in
YE,Yemen,für den,in den,im
ZA,Südafrika,für,nach,in
